<application>
  <component name="libraryTable">
    <library name="Elixir 1.5.1">
      <CLASSES>
        <root url="file://$USER_HOME$/.kiex/elixirs/elixir-1.5.1/lib/elixir/lib/eex/ebin" />
        <root url="file://$USER_HOME$/.kiex/elixirs/elixir-1.5.1/lib/elixir/lib/elixir/ebin" />
        <root url="file://$USER_HOME$/.kiex/elixirs/elixir-1.5.1/lib/elixir/lib/ex_unit/ebin" />
        <root url="file://$USER_HOME$/.kiex/elixirs/elixir-1.5.1/lib/elixir/lib/iex/ebin" />
        <root url="file://$USER_HOME$/.kiex/elixirs/elixir-1.5.1/lib/elixir/lib/logger/ebin" />
        <root url="file://$USER_HOME$/.kiex/elixirs/elixir-1.5.1/lib/elixir/lib/mix/ebin" />
        <root url="file:///usr/local/Cellar/erlang/20.0/lib/erlang/lib/asn1-5.0/ebin" />
        <root url="file:///usr/local/Cellar/erlang/20.0/lib/erlang/lib/common_test-1.15/ebin" />
        <root url="file:///usr/local/Cellar/erlang/20.0/lib/erlang/lib/compiler-7.1/ebin" />
        <root url="file:///usr/local/Cellar/erlang/20.0/lib/erlang/lib/cosEvent-2.2.1/ebin" />
        <root url="file:///usr/local/Cellar/erlang/20.0/lib/erlang/lib/cosEventDomain-1.2.1/ebin" />
        <root url="file:///usr/local/Cellar/erlang/20.0/lib/erlang/lib/cosFileTransfer-1.2.1/ebin" />
        <root url="file:///usr/local/Cellar/erlang/20.0/lib/erlang/lib/cosNotification-1.2.2/ebin" />
        <root url="file:///usr/local/Cellar/erlang/20.0/lib/erlang/lib/cosProperty-1.2.2/ebin" />
        <root url="file:///usr/local/Cellar/erlang/20.0/lib/erlang/lib/cosTime-1.2.2/ebin" />
        <root url="file:///usr/local/Cellar/erlang/20.0/lib/erlang/lib/cosTransactions-1.3.2/ebin" />
        <root url="file:///usr/local/Cellar/erlang/20.0/lib/erlang/lib/crypto-4.0/ebin" />
        <root url="file:///usr/local/Cellar/erlang/20.0/lib/erlang/lib/debugger-4.2.2/ebin" />
        <root url="file:///usr/local/Cellar/erlang/20.0/lib/erlang/lib/dialyzer-3.2/ebin" />
        <root url="file:///usr/local/Cellar/erlang/20.0/lib/erlang/lib/diameter-2.0/ebin" />
        <root url="file:///usr/local/Cellar/erlang/20.0/lib/erlang/lib/edoc-0.9/ebin" />
        <root url="file:///usr/local/Cellar/erlang/20.0/lib/erlang/lib/eldap-1.2.2/ebin" />
        <root url="file:///usr/local/Cellar/erlang/20.0/lib/erlang/lib/erl_docgen-0.7/ebin" />
        <root url="file:///usr/local/Cellar/erlang/20.0/lib/erlang/lib/erl_interface-3.10/ebin" />
        <root url="file:///usr/local/Cellar/erlang/20.0/lib/erlang/lib/erts-9.0/ebin" />
        <root url="file:///usr/local/Cellar/erlang/20.0/lib/erlang/lib/et-1.6/ebin" />
        <root url="file:///usr/local/Cellar/erlang/20.0/lib/erlang/lib/eunit-2.3.3/ebin" />
        <root url="file:///usr/local/Cellar/erlang/20.0/lib/erlang/lib/hipe-3.16/ebin" />
        <root url="file:///usr/local/Cellar/erlang/20.0/lib/erlang/lib/ic-4.4.2/ebin" />
        <root url="file:///usr/local/Cellar/erlang/20.0/lib/erlang/lib/inets-6.4/ebin" />
        <root url="file:///usr/local/Cellar/erlang/20.0/lib/erlang/lib/kernel-5.3/ebin" />
        <root url="file:///usr/local/Cellar/erlang/20.0/lib/erlang/lib/megaco-3.18.2/ebin" />
        <root url="file:///usr/local/Cellar/erlang/20.0/lib/erlang/lib/mnesia-4.15/ebin" />
        <root url="file:///usr/local/Cellar/erlang/20.0/lib/erlang/lib/observer-2.4/ebin" />
        <root url="file:///usr/local/Cellar/erlang/20.0/lib/erlang/lib/orber-3.8.3/ebin" />
        <root url="file:///usr/local/Cellar/erlang/20.0/lib/erlang/lib/os_mon-2.4.2/ebin" />
        <root url="file:///usr/local/Cellar/erlang/20.0/lib/erlang/lib/otp_mibs-1.1.1/ebin" />
        <root url="file:///usr/local/Cellar/erlang/20.0/lib/erlang/lib/parsetools-2.1.5/ebin" />
        <root url="file:///usr/local/Cellar/erlang/20.0/lib/erlang/lib/public_key-1.4.1/ebin" />
        <root url="file:///usr/local/Cellar/erlang/20.0/lib/erlang/lib/reltool-0.7.4/ebin" />
        <root url="file:///usr/local/Cellar/erlang/20.0/lib/erlang/lib/runtime_tools-1.12/ebin" />
        <root url="file:///usr/local/Cellar/erlang/20.0/lib/erlang/lib/sasl-3.0.4/ebin" />
        <root url="file:///usr/local/Cellar/erlang/20.0/lib/erlang/lib/snmp-5.2.6/ebin" />
        <root url="file:///usr/local/Cellar/erlang/20.0/lib/erlang/lib/ssh-4.5/ebin" />
        <root url="file:///usr/local/Cellar/erlang/20.0/lib/erlang/lib/ssl-8.2/ebin" />
        <root url="file:///usr/local/Cellar/erlang/20.0/lib/erlang/lib/stdlib-3.4/ebin" />
        <root url="file:///usr/local/Cellar/erlang/20.0/lib/erlang/lib/syntax_tools-2.1.2/ebin" />
        <root url="file:///usr/local/Cellar/erlang/20.0/lib/erlang/lib/tools-2.10/ebin" />
        <root url="file:///usr/local/Cellar/erlang/20.0/lib/erlang/lib/wx-1.8.1/ebin" />
        <root url="file:///usr/local/Cellar/erlang/20.0/lib/erlang/lib/xmerl-1.3.15/ebin" />
      </CLASSES>
      <JAVADOC />
      <SOURCES />
    </library>
    <library name="Elixir 1.9.1">
      <CLASSES>
        <root url="file://$USER_HOME$/.kiex/elixirs/elixir-1.9.1/lib/elixir/lib/eex/ebin" />
        <root url="file://$USER_HOME$/.kiex/elixirs/elixir-1.9.1/lib/elixir/lib/elixir/ebin" />
        <root url="file://$USER_HOME$/.kiex/elixirs/elixir-1.9.1/lib/elixir/lib/ex_unit/ebin" />
        <root url="file://$USER_HOME$/.kiex/elixirs/elixir-1.9.1/lib/elixir/lib/iex/ebin" />
        <root url="file://$USER_HOME$/.kiex/elixirs/elixir-1.9.1/lib/elixir/lib/logger/ebin" />
        <root url="file://$USER_HOME$/.kiex/elixirs/elixir-1.9.1/lib/elixir/lib/mix/ebin" />
        <root url="file:///usr/local/Cellar/erlang/20.0/lib/erlang/lib/asn1-5.0/ebin" />
        <root url="file:///usr/local/Cellar/erlang/20.0/lib/erlang/lib/common_test-1.15/ebin" />
        <root url="file:///usr/local/Cellar/erlang/20.0/lib/erlang/lib/compiler-7.1/ebin" />
        <root url="file:///usr/local/Cellar/erlang/20.0/lib/erlang/lib/cosEvent-2.2.1/ebin" />
        <root url="file:///usr/local/Cellar/erlang/20.0/lib/erlang/lib/cosEventDomain-1.2.1/ebin" />
        <root url="file:///usr/local/Cellar/erlang/20.0/lib/erlang/lib/cosFileTransfer-1.2.1/ebin" />
        <root url="file:///usr/local/Cellar/erlang/20.0/lib/erlang/lib/cosNotification-1.2.2/ebin" />
        <root url="file:///usr/local/Cellar/erlang/20.0/lib/erlang/lib/cosProperty-1.2.2/ebin" />
        <root url="file:///usr/local/Cellar/erlang/20.0/lib/erlang/lib/cosTime-1.2.2/ebin" />
        <root url="file:///usr/local/Cellar/erlang/20.0/lib/erlang/lib/cosTransactions-1.3.2/ebin" />
        <root url="file:///usr/local/Cellar/erlang/20.0/lib/erlang/lib/crypto-4.0/ebin" />
        <root url="file:///usr/local/Cellar/erlang/20.0/lib/erlang/lib/debugger-4.2.2/ebin" />
        <root url="file:///usr/local/Cellar/erlang/20.0/lib/erlang/lib/dialyzer-3.2/ebin" />
        <root url="file:///usr/local/Cellar/erlang/20.0/lib/erlang/lib/diameter-2.0/ebin" />
        <root url="file:///usr/local/Cellar/erlang/20.0/lib/erlang/lib/edoc-0.9/ebin" />
        <root url="file:///usr/local/Cellar/erlang/20.0/lib/erlang/lib/eldap-1.2.2/ebin" />
        <root url="file:///usr/local/Cellar/erlang/20.0/lib/erlang/lib/erl_docgen-0.7/ebin" />
        <root url="file:///usr/local/Cellar/erlang/20.0/lib/erlang/lib/erl_interface-3.10/ebin" />
        <root url="file:///usr/local/Cellar/erlang/20.0/lib/erlang/lib/erts-9.0/ebin" />
        <root url="file:///usr/local/Cellar/erlang/20.0/lib/erlang/lib/et-1.6/ebin" />
        <root url="file:///usr/local/Cellar/erlang/20.0/lib/erlang/lib/eunit-2.3.3/ebin" />
        <root url="file:///usr/local/Cellar/erlang/20.0/lib/erlang/lib/hipe-3.16/ebin" />
        <root url="file:///usr/local/Cellar/erlang/20.0/lib/erlang/lib/ic-4.4.2/ebin" />
        <root url="file:///usr/local/Cellar/erlang/20.0/lib/erlang/lib/inets-6.4/ebin" />
        <root url="file:///usr/local/Cellar/erlang/20.0/lib/erlang/lib/kernel-5.3/ebin" />
        <root url="file:///usr/local/Cellar/erlang/20.0/lib/erlang/lib/megaco-3.18.2/ebin" />
        <root url="file:///usr/local/Cellar/erlang/20.0/lib/erlang/lib/mnesia-4.15/ebin" />
        <root url="file:///usr/local/Cellar/erlang/20.0/lib/erlang/lib/observer-2.4/ebin" />
        <root url="file:///usr/local/Cellar/erlang/20.0/lib/erlang/lib/orber-3.8.3/ebin" />
        <root url="file:///usr/local/Cellar/erlang/20.0/lib/erlang/lib/os_mon-2.4.2/ebin" />
        <root url="file:///usr/local/Cellar/erlang/20.0/lib/erlang/lib/otp_mibs-1.1.1/ebin" />
        <root url="file:///usr/local/Cellar/erlang/20.0/lib/erlang/lib/parsetools-2.1.5/ebin" />
        <root url="file:///usr/local/Cellar/erlang/20.0/lib/erlang/lib/public_key-1.4.1/ebin" />
        <root url="file:///usr/local/Cellar/erlang/20.0/lib/erlang/lib/reltool-0.7.4/ebin" />
        <root url="file:///usr/local/Cellar/erlang/20.0/lib/erlang/lib/runtime_tools-1.12/ebin" />
        <root url="file:///usr/local/Cellar/erlang/20.0/lib/erlang/lib/sasl-3.0.4/ebin" />
        <root url="file:///usr/local/Cellar/erlang/20.0/lib/erlang/lib/snmp-5.2.6/ebin" />
        <root url="file:///usr/local/Cellar/erlang/20.0/lib/erlang/lib/ssh-4.5/ebin" />
        <root url="file:///usr/local/Cellar/erlang/20.0/lib/erlang/lib/ssl-8.2/ebin" />
        <root url="file:///usr/local/Cellar/erlang/20.0/lib/erlang/lib/stdlib-3.4/ebin" />
        <root url="file:///usr/local/Cellar/erlang/20.0/lib/erlang/lib/syntax_tools-2.1.2/ebin" />
        <root url="file:///usr/local/Cellar/erlang/20.0/lib/erlang/lib/tools-2.10/ebin" />
        <root url="file:///usr/local/Cellar/erlang/20.0/lib/erlang/lib/wx-1.8.1/ebin" />
        <root url="file:///usr/local/Cellar/erlang/20.0/lib/erlang/lib/xmerl-1.3.15/ebin" />
      </CLASSES>
      <JAVADOC />
      <SOURCES />
    </library>
    <library name="Pipenv (bumba) interpreter library">
      <CLASSES>
        <root url="file://$USER_HOME$/.local/share/virtualenvs/bumba-CnhB4XOA/lib/python3.7" />
        <root url="file://$USER_HOME$/.local/share/virtualenvs/bumba-CnhB4XOA/lib/python3.7/lib-dynload" />
        <root url="file:///usr/local/Cellar/python/3.7.3/Frameworks/Python.framework/Versions/3.7/lib/python3.7" />
        <root url="file://$USER_HOME$/.local/share/virtualenvs/bumba-CnhB4XOA/lib/python3.7/site-packages" />
        <root url="file://$USER_HOME$/Library/Caches/IntelliJIdea2019.1/python_stubs/-1474232222" />
        <root url="file://$APPLICATION_PLUGINS_DIR$/python/helpers/python-skeletons" />
        <root url="file://$APPLICATION_PLUGINS_DIR$/python/helpers/typeshed/stdlib/3" />
        <root url="file://$APPLICATION_PLUGINS_DIR$/python/helpers/typeshed/stdlib/2and3" />
        <root url="file://$APPLICATION_PLUGINS_DIR$/python/helpers/typeshed/third_party/3" />
        <root url="file://$APPLICATION_PLUGINS_DIR$/python/helpers/typeshed/third_party/2and3" />
      </CLASSES>
      <JAVADOC />
      <SOURCES>
        <root url="file://$USER_HOME$/.local/share/virtualenvs/bumba-CnhB4XOA/lib/python3.7" />
        <root url="file://$USER_HOME$/.local/share/virtualenvs/bumba-CnhB4XOA/lib/python3.7/lib-dynload" />
        <root url="file:///usr/local/Cellar/python/3.7.3/Frameworks/Python.framework/Versions/3.7/lib/python3.7" />
        <root url="file://$USER_HOME$/.local/share/virtualenvs/bumba-CnhB4XOA/lib/python3.7/site-packages" />
        <root url="file://$USER_HOME$/Library/Caches/IntelliJIdea2019.1/python_stubs/-1474232222" />
        <root url="file://$APPLICATION_PLUGINS_DIR$/python/helpers/python-skeletons" />
        <root url="file://$APPLICATION_PLUGINS_DIR$/python/helpers/typeshed/stdlib/3" />
        <root url="file://$APPLICATION_PLUGINS_DIR$/python/helpers/typeshed/stdlib/2and3" />
        <root url="file://$APPLICATION_PLUGINS_DIR$/python/helpers/typeshed/third_party/3" />
        <root url="file://$APPLICATION_PLUGINS_DIR$/python/helpers/typeshed/third_party/2and3" />
      </SOURCES>
    </library>
    <library name="Pipenv (mezzanine-blog) interpreter library">
      <CLASSES>
        <root url="file://$USER_HOME$/.local/share/virtualenvs/mezzanine-blog-SJs7jHbH/lib/python3.7" />
        <root url="file://$USER_HOME$/.local/share/virtualenvs/mezzanine-blog-SJs7jHbH/lib/python3.7/lib-dynload" />
        <root url="file:///usr/local/Cellar/python/3.7.3/Frameworks/Python.framework/Versions/3.7/lib/python3.7" />
        <root url="file://$USER_HOME$/.local/share/virtualenvs/mezzanine-blog-SJs7jHbH/lib/python3.7/site-packages" />
        <root url="file://$USER_HOME$/Library/Caches/IntelliJIdea2019.1/python_stubs/1561355709" />
        <root url="file://$APPLICATION_PLUGINS_DIR$/python/helpers/python-skeletons" />
        <root url="file://$APPLICATION_PLUGINS_DIR$/python/helpers/typeshed/stdlib/3" />
        <root url="file://$APPLICATION_PLUGINS_DIR$/python/helpers/typeshed/stdlib/2and3" />
        <root url="file://$APPLICATION_PLUGINS_DIR$/python/helpers/typeshed/third_party/3" />
        <root url="file://$APPLICATION_PLUGINS_DIR$/python/helpers/typeshed/third_party/2and3" />
      </CLASSES>
      <JAVADOC />
      <SOURCES>
        <root url="file://$USER_HOME$/.local/share/virtualenvs/mezzanine-blog-SJs7jHbH/lib/python3.7" />
        <root url="file://$USER_HOME$/.local/share/virtualenvs/mezzanine-blog-SJs7jHbH/lib/python3.7/lib-dynload" />
        <root url="file:///usr/local/Cellar/python/3.7.3/Frameworks/Python.framework/Versions/3.7/lib/python3.7" />
        <root url="file://$USER_HOME$/.local/share/virtualenvs/mezzanine-blog-SJs7jHbH/lib/python3.7/site-packages" />
        <root url="file://$USER_HOME$/Library/Caches/IntelliJIdea2019.1/python_stubs/1561355709" />
        <root url="file://$APPLICATION_PLUGINS_DIR$/python/helpers/python-skeletons" />
        <root url="file://$APPLICATION_PLUGINS_DIR$/python/helpers/typeshed/stdlib/3" />
        <root url="file://$APPLICATION_PLUGINS_DIR$/python/helpers/typeshed/stdlib/2and3" />
        <root url="file://$APPLICATION_PLUGINS_DIR$/python/helpers/typeshed/third_party/3" />
        <root url="file://$APPLICATION_PLUGINS_DIR$/python/helpers/typeshed/third_party/2and3" />
      </SOURCES>
    </library>
    <library name="Pipenv (microblog) interpreter library">
      <CLASSES>
        <root url="file://$USER_HOME$/.local/share/virtualenvs/microblog-RLuaV8R9/lib/python3.7" />
        <root url="file://$USER_HOME$/.local/share/virtualenvs/microblog-RLuaV8R9/lib/python3.7/lib-dynload" />
        <root url="file:///usr/local/Cellar/python/3.7.3/Frameworks/Python.framework/Versions/3.7/lib/python3.7" />
        <root url="file://$USER_HOME$/.local/share/virtualenvs/microblog-RLuaV8R9/lib/python3.7/site-packages" />
        <root url="file://$USER_HOME$/Library/Caches/IntelliJIdea2019.1/python_stubs/-1419564901" />
        <root url="file://$APPLICATION_PLUGINS_DIR$/python/helpers/python-skeletons" />
        <root url="file://$APPLICATION_PLUGINS_DIR$/python/helpers/typeshed/stdlib/3" />
        <root url="file://$APPLICATION_PLUGINS_DIR$/python/helpers/typeshed/stdlib/2and3" />
        <root url="file://$APPLICATION_PLUGINS_DIR$/python/helpers/typeshed/third_party/3" />
        <root url="file://$APPLICATION_PLUGINS_DIR$/python/helpers/typeshed/third_party/2and3" />
      </CLASSES>
      <JAVADOC />
      <SOURCES>
        <root url="file://$USER_HOME$/.local/share/virtualenvs/microblog-RLuaV8R9/lib/python3.7" />
        <root url="file://$USER_HOME$/.local/share/virtualenvs/microblog-RLuaV8R9/lib/python3.7/lib-dynload" />
        <root url="file:///usr/local/Cellar/python/3.7.3/Frameworks/Python.framework/Versions/3.7/lib/python3.7" />
        <root url="file://$USER_HOME$/.local/share/virtualenvs/microblog-RLuaV8R9/lib/python3.7/site-packages" />
        <root url="file://$USER_HOME$/Library/Caches/IntelliJIdea2019.1/python_stubs/-1419564901" />
        <root url="file://$APPLICATION_PLUGINS_DIR$/python/helpers/python-skeletons" />
        <root url="file://$APPLICATION_PLUGINS_DIR$/python/helpers/typeshed/stdlib/3" />
        <root url="file://$APPLICATION_PLUGINS_DIR$/python/helpers/typeshed/stdlib/2and3" />
        <root url="file://$APPLICATION_PLUGINS_DIR$/python/helpers/typeshed/third_party/3" />
        <root url="file://$APPLICATION_PLUGINS_DIR$/python/helpers/typeshed/third_party/2and3" />
      </SOURCES>
    </library>
    <library name="Python 2.7 (hublot) interpreter library">
      <CLASSES>
        <root url="file://$USER_HOME$/.pyenv/versions/hublot/lib/python2.7" />
        <root url="file://$USER_HOME$/.pyenv/versions/hublot/lib/python2.7/lib-dynload" />
        <root url="file://$USER_HOME$/.pyenv/versions/2.7.10/lib/python2.7" />
        <root url="file://$USER_HOME$/.pyenv/versions/2.7.10/lib/python2.7/plat-darwin" />
        <root url="file://$USER_HOME$/.pyenv/versions/2.7.10/lib/python2.7/lib-tk" />
        <root url="file://$USER_HOME$/.pyenv/versions/2.7.10/lib/python2.7/plat-mac" />
        <root url="file://$USER_HOME$/.pyenv/versions/2.7.10/lib/python2.7/plat-mac/lib-scriptpackages" />
        <root url="file://$USER_HOME$/.pyenv/versions/hublot/lib/python2.7/site-packages" />
        <root url="file://$USER_HOME$/Library/Caches/IntelliJIdea2019.1/python_stubs/1601206270" />
        <root url="file://$APPLICATION_PLUGINS_DIR$/python/helpers/python-skeletons" />
        <root url="file://$APPLICATION_PLUGINS_DIR$/python/helpers/typeshed/stdlib/2" />
        <root url="file://$APPLICATION_PLUGINS_DIR$/python/helpers/typeshed/stdlib/2and3" />
        <root url="file://$APPLICATION_PLUGINS_DIR$/python/helpers/typeshed/third_party/2" />
        <root url="file://$APPLICATION_PLUGINS_DIR$/python/helpers/typeshed/third_party/2and3" />
      </CLASSES>
      <JAVADOC />
      <SOURCES>
        <root url="file://$USER_HOME$/.pyenv/versions/hublot/lib/python2.7" />
        <root url="file://$USER_HOME$/.pyenv/versions/hublot/lib/python2.7/lib-dynload" />
        <root url="file://$USER_HOME$/.pyenv/versions/2.7.10/lib/python2.7" />
        <root url="file://$USER_HOME$/.pyenv/versions/2.7.10/lib/python2.7/plat-darwin" />
        <root url="file://$USER_HOME$/.pyenv/versions/2.7.10/lib/python2.7/lib-tk" />
        <root url="file://$USER_HOME$/.pyenv/versions/2.7.10/lib/python2.7/plat-mac" />
        <root url="file://$USER_HOME$/.pyenv/versions/2.7.10/lib/python2.7/plat-mac/lib-scriptpackages" />
        <root url="file://$USER_HOME$/.pyenv/versions/hublot/lib/python2.7/site-packages" />
        <root url="file://$USER_HOME$/Library/Caches/IntelliJIdea2019.1/python_stubs/1601206270" />
        <root url="file://$APPLICATION_PLUGINS_DIR$/python/helpers/python-skeletons" />
        <root url="file://$APPLICATION_PLUGINS_DIR$/python/helpers/typeshed/stdlib/2" />
        <root url="file://$APPLICATION_PLUGINS_DIR$/python/helpers/typeshed/stdlib/2and3" />
        <root url="file://$APPLICATION_PLUGINS_DIR$/python/helpers/typeshed/third_party/2" />
        <root url="file://$APPLICATION_PLUGINS_DIR$/python/helpers/typeshed/third_party/2and3" />
      </SOURCES>
    </library>
    <library name="Python 2.7.13 virtualenv at ~/.pyenv/versions/lola-server interpreter library">
      <CLASSES>
        <root url="file://$USER_HOME$/.pyenv/versions/lola-server/lib/python2.7" />
        <root url="file://$USER_HOME$/.pyenv/versions/lola-server/lib/python2.7/lib-dynload" />
        <root url="file://$USER_HOME$/.pyenv/versions/2.7.13/lib/python2.7" />
        <root url="file://$USER_HOME$/.pyenv/versions/2.7.13/lib/python2.7/plat-darwin" />
        <root url="file://$USER_HOME$/.pyenv/versions/2.7.13/lib/python2.7/lib-tk" />
        <root url="file://$USER_HOME$/.pyenv/versions/2.7.13/lib/python2.7/plat-mac" />
        <root url="file://$USER_HOME$/.pyenv/versions/2.7.13/lib/python2.7/plat-mac/lib-scriptpackages" />
        <root url="file://$USER_HOME$/.pyenv/versions/lola-server/lib/python2.7/site-packages" />
        <root url="file://$USER_HOME$/Library/Caches/IntelliJIdea2018.1/python_stubs/323048168" />
        <root url="file://$APPLICATION_PLUGINS_DIR$/python/helpers/python-skeletons" />
        <root url="file://$APPLICATION_PLUGINS_DIR$/python/helpers/typeshed/stdlib/2" />
        <root url="file://$APPLICATION_PLUGINS_DIR$/python/helpers/typeshed/stdlib/2and3" />
        <root url="file://$APPLICATION_PLUGINS_DIR$/python/helpers/typeshed/third_party/2" />
        <root url="file://$APPLICATION_PLUGINS_DIR$/python/helpers/typeshed/third_party/2and3" />
      </CLASSES>
      <JAVADOC />
      <SOURCES>
        <root url="file://$USER_HOME$/.pyenv/versions/lola-server/lib/python2.7" />
        <root url="file://$USER_HOME$/.pyenv/versions/lola-server/lib/python2.7/lib-dynload" />
        <root url="file://$USER_HOME$/.pyenv/versions/2.7.13/lib/python2.7" />
        <root url="file://$USER_HOME$/.pyenv/versions/2.7.13/lib/python2.7/plat-darwin" />
        <root url="file://$USER_HOME$/.pyenv/versions/2.7.13/lib/python2.7/lib-tk" />
        <root url="file://$USER_HOME$/.pyenv/versions/2.7.13/lib/python2.7/plat-mac" />
        <root url="file://$USER_HOME$/.pyenv/versions/2.7.13/lib/python2.7/plat-mac/lib-scriptpackages" />
        <root url="file://$USER_HOME$/.pyenv/versions/lola-server/lib/python2.7/site-packages" />
        <root url="file://$USER_HOME$/Library/Caches/IntelliJIdea2018.1/python_stubs/323048168" />
        <root url="file://$APPLICATION_PLUGINS_DIR$/python/helpers/python-skeletons" />
        <root url="file://$APPLICATION_PLUGINS_DIR$/python/helpers/typeshed/stdlib/2" />
        <root url="file://$APPLICATION_PLUGINS_DIR$/python/helpers/typeshed/stdlib/2and3" />
        <root url="file://$APPLICATION_PLUGINS_DIR$/python/helpers/typeshed/third_party/2" />
        <root url="file://$APPLICATION_PLUGINS_DIR$/python/helpers/typeshed/third_party/2and3" />
      </SOURCES>
    </library>
    <library name="Python 3.7 (flask-redis-queue) interpreter library">
      <CLASSES>
        <root url="file:///usr/local/Cellar/python/3.7.3/Frameworks/Python.framework/Versions/3.7/lib/python3.7" />
        <root url="file:///usr/local/Cellar/python/3.7.3/Frameworks/Python.framework/Versions/3.7/lib/python3.7/lib-dynload" />
        <root url="file://$USER_HOME$/Projects/flask-redis-queue/venv/lib/python3.7/site-packages" />
        <root url="jar://$USER_HOME$/Projects/flask-redis-queue/venv/lib/python3.7/site-packages/setuptools-40.8.0-py3.7.egg!/" />
        <root url="file://$USER_HOME$/Projects/flask-redis-queue/venv/lib/python3.7/site-packages/pip-19.0.3-py3.7.egg" />
        <root url="file://$USER_HOME$/Library/Caches/IntelliJIdea2019.1/python_stubs/-695764069" />
        <root url="file://$APPLICATION_PLUGINS_DIR$/python/helpers/python-skeletons" />
        <root url="file://$APPLICATION_PLUGINS_DIR$/python/helpers/typeshed/stdlib/3" />
        <root url="file://$APPLICATION_PLUGINS_DIR$/python/helpers/typeshed/stdlib/2and3" />
        <root url="file://$APPLICATION_PLUGINS_DIR$/python/helpers/typeshed/third_party/3" />
        <root url="file://$APPLICATION_PLUGINS_DIR$/python/helpers/typeshed/third_party/2and3" />
      </CLASSES>
      <JAVADOC />
      <SOURCES>
        <root url="file:///usr/local/Cellar/python/3.7.3/Frameworks/Python.framework/Versions/3.7/lib/python3.7" />
        <root url="file:///usr/local/Cellar/python/3.7.3/Frameworks/Python.framework/Versions/3.7/lib/python3.7/lib-dynload" />
        <root url="file://$USER_HOME$/Projects/flask-redis-queue/venv/lib/python3.7/site-packages" />
        <root url="jar://$USER_HOME$/Projects/flask-redis-queue/venv/lib/python3.7/site-packages/setuptools-40.8.0-py3.7.egg!/" />
        <root url="file://$USER_HOME$/Projects/flask-redis-queue/venv/lib/python3.7/site-packages/pip-19.0.3-py3.7.egg" />
        <root url="file://$USER_HOME$/Library/Caches/IntelliJIdea2019.1/python_stubs/-695764069" />
        <root url="file://$APPLICATION_PLUGINS_DIR$/python/helpers/python-skeletons" />
        <root url="file://$APPLICATION_PLUGINS_DIR$/python/helpers/typeshed/stdlib/3" />
        <root url="file://$APPLICATION_PLUGINS_DIR$/python/helpers/typeshed/stdlib/2and3" />
        <root url="file://$APPLICATION_PLUGINS_DIR$/python/helpers/typeshed/third_party/3" />
        <root url="file://$APPLICATION_PLUGINS_DIR$/python/helpers/typeshed/third_party/2and3" />
      </SOURCES>
    </library>
    <library name="Remote Python 2.7.16 Docker Compose (website at [/Users/eskadah/Projects/HealthUp/docker-compose.yml]) (2) interpreter library">
      <CLASSES />
      <JAVADOC />
      <SOURCES />
    </library>
    <library name="Remote Python 2.7.16 Docker Compose (website at [/Users/eskadah/Projects/HealthUp/docker-compose.yml]) interpreter library">
      <CLASSES />
      <JAVADOC />
      <SOURCES />
    </library>
  </component>
</application>