<application>
  <component name="GeneralSettings">
    <option name="confirmExit" value="false" />
    <option name="confirmOpenNewProject2" value="0" />
    <option name="showTipsOnStartup" value="false" />
  </component>
  <component name="Registry">
    <entry key="ide.firstStartup" value="false" />
    <entry key="projectView.hide.dot.idea" value="false" />
    <entry key="debugger.watches.in.variables" value="false" />
    <entry key="git.explicit.commit.renames.prohibit.multiple.calls" value="false" />
    <entry key="ide.mac.allowDarkWindowDecorations" value="true" />
  </component>
</application>