<code_scheme name="Default (2)" version="173">
  <option name="OTHER_INDENT_OPTIONS">
    <value>
      <option name="SMART_TABS" value="true" />
    </value>
  </option>
  <JetCodeStyleSettings>
    <option name="CODE_STYLE_DEFAULTS" value="KOTLIN_OFFICIAL" />
  </JetCodeStyleSettings>
  <Python>
    <option name="OPTIMIZE_IMPORTS_SORT_NAMES_IN_FROM_IMPORTS" value="true" />
    <option name="OPTIMIZE_IMPORTS_JOIN_FROM_IMPORTS_WITH_SAME_SOURCE" value="true" />
  </Python>
  <codeStyleSettings language="HTML">
    <option name="LINE_COMMENT_AT_FIRST_COLUMN" value="false" />
    <option name="BLOCK_COMMENT_AT_FIRST_COLUMN" value="false" />
  </codeStyleSettings>
  <codeStyleSettings language="JavaScript">
    <indentOptions>
      <option name="INDENT_SIZE" value="2" />
      <option name="TAB_SIZE" value="2" />
      <option name="SMART_TABS" value="true" />
    </indentOptions>
  </codeStyleSettings>
  <codeStyleSettings language="Python">
    <indentOptions>
      <option name="SMART_TABS" value="true" />
    </indentOptions>
  </codeStyleSettings>
  <codeStyleSettings language="kotlin">
    <option name="CODE_STYLE_DEFAULTS" value="KOTLIN_OFFICIAL" />
  </codeStyleSettings>
  <codeStyleSettings language="ruby">
    <option name="ALIGN_GROUP_FIELD_DECLARATIONS" value="true" />
    <indentOptions>
      <option name="USE_RELATIVE_INDENTS" value="false" />
    </indentOptions>
  </codeStyleSettings>
</code_scheme>