<keymap version="1" name="Mac OS X 10.5+ copy" parent="Mac OS X 10.5+">
  <action id="$LRU">
    <keyboard-shortcut first-keystroke="ctrl meta o" />
  </action>
  <action id="ActivateTerminalToolWindow">
    <keyboard-shortcut first-keystroke="alt f12" />
    <keyboard-shortcut first-keystroke="shift meta 1" />
  </action>
  <action id="Bookmarks">
    <keyboard-shortcut first-keystroke="shift meta 2" />
  </action>
  <action id="CodeFormatGroup">
    <keyboard-shortcut first-keystroke="ctrl alt comma" />
  </action>
  <action id="Editor LRU">
    <keyboard-shortcut first-keystroke="ctrl meta o" />
  </action>
  <action id="EditorDown">
    <keyboard-shortcut first-keystroke="down" />
  </action>
  <action id="FindUsages">
    <keyboard-shortcut first-keystroke="alt f7" />
    <keyboard-shortcut first-keystroke="shift meta 7" />
  </action>
  <action id="GotoAction">
    <keyboard-shortcut first-keystroke="shift meta a" />
    <keyboard-shortcut first-keystroke="shift ctrl a" />
  </action>
  <action id="List-selectNextRow">
    <keyboard-shortcut first-keystroke="down" />
  </action>
  <action id="NewElementInMenuGroup">
    <keyboard-shortcut first-keystroke="ctrl n" />
  </action>
  <action id="OpenFile">
    <keyboard-shortcut first-keystroke="shift ctrl o" />
  </action>
  <action id="PopupMenu-selectNext">
    <keyboard-shortcut first-keystroke="down" />
  </action>
  <action id="QuickImplementations">
    <keyboard-shortcut first-keystroke="alt space" />
    <keyboard-shortcut first-keystroke="meta y" />
    <keyboard-shortcut first-keystroke="ctrl j" />
  </action>
  <action id="QuickJavaDoc">
    <keyboard-shortcut first-keystroke="f1" />
    <mouse-shortcut keystroke="control button2" />
    <keyboard-shortcut first-keystroke="ctrl q" />
  </action>
  <action id="Refactorings.QuickListPopupAction">
    <keyboard-shortcut first-keystroke="ctrl t" />
    <keyboard-shortcut first-keystroke="shift ctrl alt t" />
  </action>
  <action id="ReopenClosedTab">
    <keyboard-shortcut first-keystroke="shift meta w" />
  </action>
  <action id="SafeDelete">
    <keyboard-shortcut first-keystroke="meta delete" />
    <keyboard-shortcut first-keystroke="ctrl back_space" />
  </action>
  <action id="SplitVertically">
    <keyboard-shortcut first-keystroke="meta alt 2" />
  </action>
  <action id="SwitchApply">
    <keyboard-shortcut first-keystroke="ctrl alt enter" />
  </action>
  <action id="SwitchDown">
    <keyboard-shortcut first-keystroke="ctrl alt down" />
  </action>
  <action id="SwitchLeft">
    <keyboard-shortcut first-keystroke="ctrl alt left" />
  </action>
  <action id="SwitchRight">
    <keyboard-shortcut first-keystroke="ctrl alt right" />
  </action>
  <action id="SwitchUp">
    <keyboard-shortcut first-keystroke="ctrl alt up" />
  </action>
  <action id="Table-selectNextRow">
    <keyboard-shortcut first-keystroke="down" />
  </action>
  <action id="Tree-selectNext">
    <keyboard-shortcut first-keystroke="down" />
  </action>
</keymap>