<application>
  <component name="DefaultFont">
    <option name="FONT_SIZE" value="16" />
  </component>
  <component name="EditorSettings">
    <option name="USE_SOFT_WRAPS" value="PREVIEW" />
    <option name="IS_ENSURE_NEWLINE_AT_EOF" value="true" />
    <option name="IS_WHITESPACES_SHOWN" value="true" />
    <option name="IS_INDENT_GUIDES_SHOWN" value="false" />
  </component>
  <component name="LiveEditOptions" chromeUpdateJSOnChanges="true" updateFilesToCompile="true">
    <option name="elementHighlighting" value="true" />
  </component>
</application>