<application>
  <component name="FeatureSuggesterSettings">
    <option name="workingDays">
      <list>
        <option value="1657457848857" />
        <option value="1657674128684" />
        <option value="1657855263078" />
        <option value="1657861201118" />
        <option value="1658286975381" />
        <option value="1658685082874" />
        <option value="1659215998593" />
        <option value="1659881785710" />
        <option value="1659967214725" />
        <option value="1661868047659" />
        <option value="1662041282891" />
        <option value="1662316585995" />
        <option value="1662484597776" />
        <option value="1662567198963" />
        <option value="1662649514360" />
        <option value="1663167502430" />
        <option value="1663338679717" />
        <option value="1663423523888" />
        <option value="1663602683066" />
        <option value="1663785030391" />
        <option value="1664378627810" />
      </list>
    </option>
  </component>
</application>