<application>
  <component name="FileTypeManager" version="18">
    <ignoreFiles list="*.pyc;*.pyo;*.rbc;*~;.DS_Store;.git;.hg;.svn;CVS;RCS;SCCS;__pycache__;_svn;rcs" />
    <extensionMap>
      <mapping pattern=".env.*" type="Env File" />
      <mapping ext="env" type="Env File" />
      <mapping ext="jinja" type="Jinja2" />
      <mapping ext="space.kts" type="Kotlin" />
      <mapping ext="gradle.kts" type="Kotlin" />
      <mapping ext="main.kts" type="Kotlin" />
      <mapping ext="db" type="Native" />
      <mapping pattern="config/hello" type="PLAIN_TEXT" />
      <mapping pattern="hello" type="PLAIN_TEXT" />
      <mapping pattern="ewjejwk" type="PLAIN_TEXT" />
      <mapping pattern=".env.secret" type="PLAIN_TEXT" />
      <mapping ext="dev" type="PLAIN_TEXT" />
      <removed_mapping ext="ignore" approved="true" type="IgnoreLang file" />
      <removed_mapping ext="sql" approved="true" type="SQL" />
    </extensionMap>
  </component>
</application>