<profile version="1.0">
  <option name="myName" value="Default" />
  <inspection_tool class="PyPackageRequirementsInspection" enabled="true" level="WARNING" enabled_by_default="true">
    <option name="ignoredPackages">
      <value>
        <list size="10">
          <item index="0" class="java.lang.String" itemvalue="lola.harrison-sdk" />
          <item index="1" class="java.lang.String" itemvalue="decorator" />
          <item index="2" class="java.lang.String" itemvalue="lola.utils" />
          <item index="3" class="java.lang.String" itemvalue="celery" />
          <item index="4" class="java.lang.String" itemvalue="amqp" />
          <item index="5" class="java.lang.String" itemvalue="gevent" />
          <item index="6" class="java.lang.String" itemvalue="billiard" />
          <item index="7" class="java.lang.String" itemvalue="newrelic" />
          <item index="8" class="java.lang.String" itemvalue="lola.models" />
          <item index="9" class="java.lang.String" itemvalue="Flask" />
        </list>
      </value>
    </option>
  </inspection_tool>
  <inspection_tool class="SSBasedInspection" enabled="true" level="WARNING" enabled_by_default="true" />
</profile>